{"_wandb":{"runtime":75},"_runtime":75.314907612,"_step":337,"loss":10.824507713317871,"_timestamp":1.7272558503228376e+09}